,Category,Attribute,2020_Financial District,2021_Financial District,2022_Financial District,2023_Financial District,2024_Financial District
449,Affordability,# Units at or below 100 AMI Monthly Affordable Rent,5309.0,5256.0,5199.0,5254.0,5503
440,Affordability,# Units at or below 30 AMI Monthly Affordable Rent,5309.0,5256.0,5199.0,5254.0,5503
443,Affordability,# Units at or below 50 AMI Monthly Affordable Rent,5309.0,5256.0,5199.0,5254.0,5503
446,Affordability,# Units at or below 80 AMI Monthly Affordable Rent,5309.0,5256.0,5199.0,5254.0,5503
447,Affordability,100 AMI Annual Income,201353.7126829268,197792.0723226704,201071.31032927375,196572.91097760783,186272.67041901188
448,Affordability,100 AMI Monthly Affordable Rent,16779.476056910567,16482.672693555865,16755.942527439478,16381.075914800653,15522.722534917657
438,Affordability,30 AMI Annual Income,60406.113804878034,59337.621696801114,60321.39309878212,58971.87329328235,55881.80112570356
439,Affordability,30 AMI Monthly Affordable Rent,5033.8428170731695,4944.80180806676,5026.782758231843,4914.322774440196,4656.816760475297
441,Affordability,50 AMI Annual Income,100676.8563414634,98896.0361613352,100535.65516463688,98286.45548880391,93136.33520950594
442,Affordability,50 AMI Monthly Affordable Rent,8389.738028455284,8241.336346777933,8377.971263719739,8190.537957400326,7761.3612674588285
444,Affordability,80 AMI Annual Income,161082.97014634145,158233.65785813634,160857.048263419,157258.32878208626,149018.1363352095
445,Affordability,80 AMI Monthly Affordable Rent,13423.580845528455,13186.138154844695,13404.754021951585,13104.860731840521,12418.178027934126
0,Age,0-4 Years,0.0485128249793145,0.0461713684948309,0.0284117978258044,0.0319752029038704,0.0359856220896985
1,Age,18-34 Years,0.4502024996733876,0.42509199229017,0.4153059898653038,0.3977731555120519,0.3737439751654277
2,Age,35-59 Years,0.3500849192178722,0.3664797616961626,0.3579193555372688,0.3729760593825196,0.3727228167633363
3,Age,5-17 Years,0.0232548012019335,0.0200630804275451,0.0268093031313612,0.0387046780048125,0.0450535087002695
4,Age,60 and older,0.127944954927492,0.1421937970912914,0.1715535536402616,0.1585709041967453,0.1724940772812678
450,Educational Attainment,College Degree or higher,0.8162979847692069,0.7947181998124805,0.7787130192250225,0.7951080663836356,0.7803837953091685
451,Educational Attainment,High School or Less,0.0829922809925918,0.1030836545473486,0.114453630839725,0.116460825935932,0.120178329133553
452,Educational Attainment,Some College/Associate Degree,0.1007097342382013,0.1021981456401708,0.1068333499352525,0.0884311076804322,0.0994378755572785
453,Employment,Employed Residents,16223.0,15427.0,16424.0,17162.0,16922.0
454,Employment,Managerial Professional,0.8050298958269124,0.7855059311596552,0.775815879201169,0.7801538282251486,0.7700626403498404
455,Employment,Natural Resources,0.0078900326696665,0.0117974978933039,0.0094982951777886,0.0071087285864118,0.010164283181657
456,Employment,Production Transport Materials,0.0196017999137027,0.0298178518182407,0.0239283974671212,0.0325136930427689,0.0258834653114289
457,Employment,Sales and Office,0.1060839548788756,0.1034549815258961,0.1246955674622503,0.1170026803402866,0.1243942796359768
458,Employment,Services,0.0613943167108426,0.069423737602904,0.0660618606916707,0.0632210698053839,0.0694953315210968
459,Employment,Unemployment Rate,0.0403998580385661,0.0698782105390088,0.0590122607998166,0.0596679633992657,0.0671444321940463
5,Households,Average Family Household Size,2.443502225991096,2.4856361149110806,2.422513321492007,2.491878384006664,2.5269709543568464
6,Households,Average Household Size,1.8703100192195203,1.8433545612439004,1.7248213874164553,1.7320588022304295,1.680143439741246
7,Households,Family Households,0.3941672933901562,0.362749152262013,0.3460090650687562,0.3477442247809399,0.3389115454928983
8,Households,Households,11967.0,12091.0,13017.0,13809.0,14222.0
9,Households,"Households with 60 years and older, % of Total (DEC, 65 years and older)",0.1717222361494108,0.1869158878504672,0.2028117077667665,0.1932073285538417,0.2046828856700886
10,Households,"Households with Children, % of Total",0.0873234728837636,0.0778264825076503,0.064223707459476,0.0837859367079441,0.093235831809872
11,Households,Non-Family Households,0.6058327066098438,0.6372508477379869,0.6539909349312437,0.6522557752190601,0.6610884545071016
12,Households,"Single Person Households, % of Total",0.4158101445642183,0.4232900504507484,0.464546362449105,0.4717213411543196,0.5215159611868936
13,Housing,Median Year Moved In Owner,2012.878614916286,2012.379477250726,2012.424387328153,2014.002536461636,2013.2783405692232
14,Housing,Median Year Moved In Renter,2016.407427487124,2018.4976352349984,2018.6651696606789,2019.739427662957,2018.8631167268352
15,Housing,Median Year Structure Built,2006.5411323732487,2002.771551724138,2002.459136630344,2002.786528497409,2002.950641443792
16,Housing,"Overcrowding, Renter Occupied Housing",0.1019014461703267,0.1078224101479915,0.0932406246437934,0.0792637514629215,0.0736320420754526
17,Housing,Owner Occupied,0.3759505306258878,0.3349598875196427,0.3260351847583929,0.319356941125353,0.3048094501476585
18,Housing,"Owner Occupied by Race, Asian Alone",0.4298982750995135,0.3199639477242001,0.3383777239709443,0.3227257004496714,0.3189198144466534
19,Housing,"Owner Occupied by Race, Black or African American Alone",0.0,0.1461988304093567,0.1682692307692307,0.1647058823529411,0.1223709369024856
20,Housing,"Owner Occupied by Race, Hispanic or Latino",0.3291338582677165,0.3362962962962963,0.22,0.1698275862068965,0.1072243346007604
21,Housing,"Owner Occupied by Race, Native Hawaiian and Other Pacific Islander Alone",0.0,0.0,0.1262135922330097,0.2282608695652173,0.3050847457627119
22,Housing,"Owner Occupied by Race, Some Other Race Alone",0.0,0.0,0.0,0.0,0.0
23,Housing,"Owner Occupied by Race, Two or More Races",0.0909090909090909,0.0863309352517985,0.1673728813559322,0.1146025878003696,0.1089108910891089
24,Housing,"Owner Occupied by Race, White Alone",0.3723122238586156,0.3796146492131196,0.3530774800868935,0.352803738317757,0.34715988237115
25,Housing,"Owner Occupied by Race, White Alone, Not Hispanic or Latino",0.3653636505217256,0.36550339715874,0.3527391915092867,0.3573130061934254,0.3579403432761206
26,Housing,Post 1979 All and Pre 1979 Single Family Renter Occupied by Year Structure Built by Units in Structure,5055.0,5617.0,5915.0,6612.0,7273.0
27,Housing,Pre 1980 MultiFamily Renter Occupied by Year Structure Built by Units in Structure,2413.0,2413.0,2844.0,2763.0,2591.0
28,Housing,Renter Occupied,0.6240494693741121,0.6650401124803573,0.6739648152416071,0.6806430588746469,0.6951905498523414
29,Housing,"Renter Occupied by Race, Asian Alone",0.5701017249004865,0.6800360522757999,0.6616222760290557,0.6772742995503286,0.6810801855533466
30,Housing,"Renter Occupied by Race, Black or African American Alone",1.0,0.8538011695906432,0.8317307692307693,0.8352941176470589,0.8776290630975143
31,Housing,"Renter Occupied by Race, Hispanic or Latino",0.6708661417322834,0.6637037037037037,0.78,0.8301724137931035,0.8927756653992396
32,Housing,"Renter Occupied by Race, Native Hawaiian and Other Pacific Islander Alone",1.0,1.0,0.8737864077669902,0.7717391304347826,0.6949152542372882
33,Housing,"Renter Occupied by Race, Some Other Race Alone",1.0,1.0,1.0,1.0,1.0
34,Housing,"Renter Occupied by Race, Two or More Races",0.9090909090909092,0.9136690647482014,0.8326271186440678,0.8853974121996303,0.8910891089108911
35,Housing,"Renter Occupied by Race, White Alone",0.6276877761413844,0.6203853507868804,0.6469225199131065,0.647196261682243,0.65284011762885
36,Housing,"Renter Occupied by Race, White Alone, Not Hispanic or Latino",0.6346363494782744,0.6344966028412601,0.6472608084907133,0.6426869938065746,0.6420596567238793
37,Housing,Total Number of Units,15240.0,15848.0,16601.0,17123.0,17530.0
38,Housing,Vacant Units,0.214763779527559,0.2370646138313983,0.2158906089994578,0.1935408514863049,0.1887050770108385
39,Housing Prices,Contract Rent 100 to 149,0.0,0.0,0.0,0.0,36.0
40,Housing Prices,Contract Rent 1000 to 1249,962.0,1145.0,599.0,298.0,423.0
41,Housing Prices,Contract Rent 1250 to 1499,111.0,425.0,718.0,654.0,515.0
42,Housing Prices,Contract Rent 150 to 199,0.0,0.0,0.0,0.0,0.0
43,Housing Prices,Contract Rent 1500 to 1999,624.0,455.0,468.0,758.0,760.0
44,Housing Prices,Contract Rent 200 to 249,31.0,0.0,81.0,81.0,196.0
45,Housing Prices,"Contract Rent 2000 to 2499 (Contract Rent 2000 or more, DEC2000 and ACS2009-2014)",470.0,611.0,713.0,659.0,579.0
46,Housing Prices,Contract Rent 250 to 299,39.0,66.0,31.0,29.0,53.0
47,Housing Prices,Contract Rent 2500 to 2999 (ACS2015-),683.0,715.0,833.0,957.0,1132.0
48,Housing Prices,Contract Rent 300 to 349,43.0,62.0,25.0,17.0,15.0
49,Housing Prices,Contract Rent 3000 to 3499 (ACS2015-),1490.0,1364.0,1610.0,1246.0,1565.0
50,Housing Prices,Contract Rent 350 to 399,34.0,2.0,24.0,93.0,24.0
51,Housing Prices,Contract Rent 3500 or more (ACS2015-),1962.0,2274.0,3003.0,3832.0,3840.0
52,Housing Prices,Contract Rent 400 to 449,51.0,45.0,0.0,3.0,126.0
53,Housing Prices,Contract Rent 500 to 549,170.0,200.0,40.0,20.0,0.0
54,Housing Prices,Contract Rent 550 to 599,102.0,110.0,0.0,0.0,20.0
55,Housing Prices,Contract Rent 600 to 649,50.0,101.0,116.0,71.0,11.0
56,Housing Prices,Contract Rent 650 to 699,49.0,85.0,62.0,0.0,33.0
57,Housing Prices,Contract Rent 700 to 749,9.0,41.0,43.0,76.0,67.0
58,Housing Prices,Contract Rent 750 to 749,30.0,0.0,76.0,72.0,0.0
59,Housing Prices,Contract Rent 750 to 799,0.0,61.0,0.0,56.0,80.0
60,Housing Prices,Contract Rent 800 to 899,81.0,81.0,61.0,146.0,79.0
61,Housing Prices,Contract Rent 900 to 999,331.0,74.0,91.0,165.0,160.0
62,Housing Prices,Contract Rent Less than 100,73.0,0.0,0.0,16.0,30.0
63,Housing Prices,Contract Rent Total,7468.0,8041.0,8773.0,9399.0,9887.0
64,Housing Prices,Contract Rent Total No cash Rent (ACS2015-),73.0,124.0,179.0,150.0,143.0
65,Housing Prices,"Contract Rent Total No cash Rent (No cash rent, DEC2000 and ACS2009-2014)",683.0,715.0,833.0,957.0,1132.0
66,Housing Prices,Contract Rent Total With cash Rent,7395.0,7917.0,8594.0,9249.0,9744.0
67,Housing Prices,Extremely Rent Burdened,0.1297536154258168,0.1208804875015545,0.1283483415023367,0.1508671135227151,0.1678972387984221
68,Housing Prices,Home Value 10000 to 14999 ,0.0,0.0,0.0,0.0,0.0
69,Housing Prices,Home Value 100000 to 124999,0.0,0.0,13.0,12.0,22.0
70,Housing Prices,"Home Value 1000000 to 1499999 (1000000 or more, DEC2000 and ACS2009-2014)",1248.0,1287.0,1345.0,1341.0,1059.0
71,Housing Prices,Home Value 125000 to 149999,0.0,0.0,0.0,0.0,0.0
72,Housing Prices,Home Value 15000 to 19999 ,0.0,0.0,0.0,0.0,0.0
73,Housing Prices,Home Value 150000 to 174999,0.0,0.0,0.0,0.0,0.0
74,Housing Prices,Home Value 1500000 to 1999999 (ACS2015-),1223.0,958.0,966.0,797.0,821.0
75,Housing Prices,Home Value 175000 to 199999,0.0,0.0,0.0,0.0,0.0
76,Housing Prices,Home Value 20000 to 24999 ,0.0,0.0,0.0,0.0,0.0
77,Housing Prices,Home Value 200000 to 249999,0.0,0.0,0.0,20.0,35.0
78,Housing Prices,Home Value 2000000 or more (ACS2015-),812.0,769.0,964.0,1148.0,1026.0
79,Housing Prices,Home Value 25000 to 29999 ,47.0,54.0,45.0,8.0,5.0
80,Housing Prices,Home Value 250000 to 299999,174.0,203.0,0.0,0.0,13.0
81,Housing Prices,Home Value 30000 to 34999 ,0.0,0.0,0.0,0.0,0.0
82,Housing Prices,Home Value 300000 to 399999,68.0,92.0,268.0,291.0,261.0
83,Housing Prices,Home Value 35000 to 39999 ,0.0,0.0,0.0,0.0,0.0
84,Housing Prices,Home Value 40000 to 49999 ,0.0,0.0,0.0,0.0,0.0
85,Housing Prices,Home Value 400000 to 499999,44.0,46.0,172.0,143.0,135.0
86,Housing Prices,Home Value 50000 to 59999 ,0.0,0.0,0.0,0.0,19.0
87,Housing Prices,Home Value 500000 to 749999,267.0,196.0,19.0,38.0,158.0
88,Housing Prices,Home Value 60000 to 69999 ,0.0,0.0,0.0,0.0,0.0
89,Housing Prices,Home Value 70000 to 79999 ,128.0,117.0,0.0,0.0,0.0
90,Housing Prices,Home Value 750000 to 999999,448.0,268.0,368.0,524.0,693.0
91,Housing Prices,Home Value 80000 to 89999 ,0.0,0.0,0.0,0.0,0.0
92,Housing Prices,Home Value 90000 to 99999 ,0.0,0.0,0.0,0.0,0.0
93,Housing Prices,Home Value Less than 10000,40.0,60.0,84.0,88.0,88.0
94,Housing Prices,Home Value Total,4499.0,4050.0,4244.0,4410.0,4335.0
95,Housing Prices,Housing Units with a Mortgage,3383.0,2795.0,2950.0,3238.0,2961.0
96,Housing Prices,Housing Units with a Mortgage 0 to 30%,2560.0,2099.0,2191.0,2275.0,1959.0
97,Housing Prices,Housing Units with a Mortgage 30-50%,418.0,398.0,378.0,497.0,480.0
98,Housing Prices,Housing Units with a Mortgage 50%+,405.0,298.0,363.0,418.0,474.0
99,Housing Prices,"Housing Units with a Mortgage 50%+ by Race, American Indian and Alaska Native Alone",0.0,0.0,0.0,0.0,0.0
100,Housing Prices,"Housing Units with a Mortgage 50%+ by Race, Asian Alone",0.0,0.0,0.0,127.0,160.0
101,Housing Prices,"Housing Units with a Mortgage 50%+ by Race, Black or African American Alone",0.0,0.0,0.0,0.0,0.0
102,Housing Prices,"Housing Units with a Mortgage 50%+ by Race, Hispanic or Latino",0.0,0.0,0.0,0.0,0.0
103,Housing Prices,"Housing Units with a Mortgage 50%+ by Race, Native Hawaiian and Other Pacific Islander Alone",0.0,0.0,0.0,0.0,0.0
104,Housing Prices,"Housing Units with a Mortgage 50%+ by Race, Some Other Race Alone",0.0,0.0,0.0,0.0,0.0
105,Housing Prices,"Housing Units with a Mortgage 50%+ by Race, Two or More Races",0.0,0.0,0.0,0.0,0.0
106,Housing Prices,"Housing Units with a Mortgage 50%+ by Race, White Alone",0.0,0.0,0.0,291.0,314.0
107,Housing Prices,"Housing Units with a Mortgage 50%+ by Race, White Alone, Not Hispanic or Latino",0.0,0.0,0.0,291.0,314.0
108,Housing Prices,Housing Units with a Mortgage Not Computed,0.0,0.0,18.0,48.0,48.0
109,Housing Prices,"Housing Units with a Mortgage by Race, American Indian and Alaska Native Alone",0.0,0.0,0.0,3.0,8.0
110,Housing Prices,"Housing Units with a Mortgage by Race, Asian Alone",0.0,0.0,0.0,1450.0,1485.0
111,Housing Prices,"Housing Units with a Mortgage by Race, Black or African American Alone",0.0,0.0,0.0,15.0,18.0
112,Housing Prices,"Housing Units with a Mortgage by Race, Hispanic or Latino",0.0,0.0,0.0,111.0,30.0
113,Housing Prices,"Housing Units with a Mortgage by Race, Native Hawaiian and Other Pacific Islander Alone",0.0,0.0,0.0,21.0,18.0
114,Housing Prices,"Housing Units with a Mortgage by Race, Some Other Race Alone",0.0,0.0,0.0,0.0,0.0
115,Housing Prices,"Housing Units with a Mortgage by Race, Two or More Races",0.0,0.0,0.0,58.0,54.0
116,Housing Prices,"Housing Units with a Mortgage by Race, White Alone",0.0,0.0,0.0,1691.0,1378.0
117,Housing Prices,"Housing Units with a Mortgage by Race, White Alone, Not Hispanic or Latino",0.0,0.0,0.0,1611.0,1378.0
118,Housing Prices,Housing Units without a Mortgage,1116.0,1255.0,1294.0,1172.0,1374.0
119,Housing Prices,Housing Units without a Mortgage 0 to 30%,825.0,815.0,781.0,707.0,737.0
120,Housing Prices,Housing Units without a Mortgage 30-50%,22.0,23.0,32.0,69.0,112.0
121,Housing Prices,Housing Units without a Mortgage 50%+,269.0,417.0,481.0,396.0,525.0
122,Housing Prices,"Housing Units without a Mortgage 50%+ by Race, American Indian and Alaska Native Alone",0.0,0.0,0.0,0.0,0.0
123,Housing Prices,"Housing Units without a Mortgage 50%+ by Race, Asian Alone",0.0,0.0,0.0,61.0,48.0
124,Housing Prices,"Housing Units without a Mortgage 50%+ by Race, Black or African American Alone",0.0,0.0,0.0,0.0,0.0
125,Housing Prices,"Housing Units without a Mortgage 50%+ by Race, Hispanic or Latino",0.0,0.0,0.0,33.0,46.0
126,Housing Prices,"Housing Units without a Mortgage 50%+ by Race, Native Hawaiian and Other Pacific Islander Alone",0.0,0.0,0.0,0.0,0.0
127,Housing Prices,"Housing Units without a Mortgage 50%+ by Race, Some Other Race Alone",0.0,0.0,0.0,0.0,0.0
128,Housing Prices,"Housing Units without a Mortgage 50%+ by Race, Two or More Races",0.0,0.0,0.0,0.0,0.0
129,Housing Prices,"Housing Units without a Mortgage 50%+ by Race, White Alone",0.0,0.0,0.0,335.0,477.0
130,Housing Prices,"Housing Units without a Mortgage 50%+ by Race, White Alone, Not Hispanic or Latino",0.0,0.0,0.0,302.0,431.0
131,Housing Prices,Housing Units without a Mortgage Not Computed,0.0,0.0,0.0,0.0,0.0
132,Housing Prices,"Housing Units without a Mortgage by Race, American Indian and Alaska Native Alone",0.0,0.0,0.0,0.0,0.0
133,Housing Prices,"Housing Units without a Mortgage by Race, Asian Alone",0.0,0.0,0.0,416.0,440.0
134,Housing Prices,"Housing Units without a Mortgage by Race, Black or African American Alone",0.0,0.0,0.0,27.0,46.0
135,Housing Prices,"Housing Units without a Mortgage by Race, Hispanic or Latino",0.0,0.0,0.0,86.0,111.0
136,Housing Prices,"Housing Units without a Mortgage by Race, Native Hawaiian and Other Pacific Islander Alone",0.0,0.0,0.0,0.0,0.0
137,Housing Prices,"Housing Units without a Mortgage by Race, Some Other Race Alone",0.0,0.0,0.0,0.0,0.0
138,Housing Prices,"Housing Units without a Mortgage by Race, Two or More Races",0.0,0.0,0.0,4.0,23.0
139,Housing Prices,"Housing Units without a Mortgage by Race, White Alone",0.0,0.0,0.0,725.0,865.0
140,Housing Prices,"Housing Units without a Mortgage by Race, White Alone, Not Hispanic or Latino",0.0,0.0,0.0,639.0,770.0
141,Housing Prices,Median Contract Rent,2820.2781844802344,2775.8741258741256,3098.136645962733,3181.982343499197,3170.2875399361023
142,Housing Prices,Median Home Value,1414062.5,1384226.8842268842,1428624.535315985,1403057.4198359433,1348677.998111426
143,Housing Prices,Median Rent,2852.377300613497,2872.464898595944,3180.820948336872,3256.965361445783,3291.240409207161
144,Housing Prices,Median Rent as % of Household Income,20.08271028037383,20.34051054384018,20.958813413585556,22.5818515497553,23.36129807692308
145,Housing Prices,Rent 100 to 149,29.0,0.0,0.0,0.0,0.0
146,Housing Prices,Rent 1000 to 1249,985.0,1042.0,511.0,366.0,380.0
147,Housing Prices,Rent 1250 to 1499,373.0,591.0,803.0,699.0,577.0
148,Housing Prices,Rent 150 to 199,0.0,0.0,0.0,0.0,36.0
149,Housing Prices,Rent 1500 to 1999,610.0,419.0,412.0,703.0,818.0
150,Housing Prices,Rent 200 to 249,17.0,0.0,68.0,68.0,64.0
151,Housing Prices,"Rent 2000 to 2499  (Rent 2000 or more, DEC2000 and ACS2009-2014)",471.0,589.0,716.0,633.0,559.0
152,Housing Prices,Rent 250 to 299,39.0,15.0,44.0,42.0,74.0
153,Housing Prices,Rent 2500 to 2999 (ACS2015-),652.0,641.0,756.0,840.0,848.0
154,Housing Prices,Rent 300 to 349,0.0,16.0,25.0,17.0,66.0
155,Housing Prices,Rent 3000 to 3499 (ACS2015-),1463.0,1134.0,1413.0,1328.0,1564.0
156,Housing Prices,Rent 350 to 399,25.0,2.0,24.0,22.0,92.0
157,Housing Prices,Rent 3500 or more (ACS2015-),2042.0,2661.0,3395.0,3979.0,4219.0
158,Housing Prices,Rent 400 to 449,40.0,60.0,0.0,74.0,126.0
159,Housing Prices,Rent 450 to 499,108.0,21.0,0.0,0.0,0.0
160,Housing Prices,Rent 500 to 549,60.0,207.0,9.0,0.0,20.0
161,Housing Prices,Rent 550 to 599,161.0,86.0,62.0,30.0,0.0
162,Housing Prices,Rent 600 to 649,58.0,186.0,73.0,14.0,5.0
163,Housing Prices,Rent 650 to 699,8.0,46.0,100.0,116.0,52.0
164,Housing Prices,Rent 700 to 749,43.0,7.0,60.0,33.0,35.0
165,Housing Prices,Rent 750 to 799,39.0,107.0,7.0,85.0,74.0
166,Housing Prices,Rent 800 to 899,45.0,48.0,63.0,50.0,49.0
167,Housing Prices,Rent 900 to 999,83.0,39.0,53.0,134.0,64.0
168,Housing Prices,Rent Burdened,0.335832886984467,0.3310533515731874,0.3135757437592614,0.3429088200872433,0.3475270557297461
169,Housing Prices,Rent Less than 100,44.0,0.0,0.0,16.0,22.0
170,Housing Prices,Rent Total,7468.0,8041.0,8773.0,9399.0,9887.0
171,Housing Prices,"Rent Total No cash rent  (No cash rent, DEC2000 and ACS2009-2014)",652.0,641.0,756.0,840.0,848.0
172,Housing Prices,Rent Total No cash rent (ACS2015-),73.0,124.0,179.0,150.0,143.0
173,Housing Prices,Rent Total With cash rent,7395.0,7917.0,8594.0,9249.0,9744.0
174,Housing Type,10-19 Units,0.0129921259842519,0.0177940434124179,0.0265646647792301,0.0325877474741575,0.0387335995436394
175,Housing Type,2-4 Units,0.0009186351706036,0.0020822816759212,0.0080718029034395,0.0138410325293464,0.0148317170564746
176,Housing Type,20 Units or More,0.927952755905512,0.9055401312468452,0.8965122582976929,0.896279857501606,0.8855675984027381
177,Housing Type,5-9 Units,0.0066929133858267,0.0070040383644623,0.0090356002650442,0.0094609589441102,0.0159726183685111
178,Housing Type,Other Type,0.0,0.0006940938919737,0.0008433226914041,0.0014016235472755,0.0013120365088419
179,Housing Type,Single Family Housing,0.0514435695538057,0.0668854114083796,0.0589723510631889,0.046428780003504,0.0435824301197946
180,Income,Household Income 10000 to 14999,207.0,155.0,167.0,273.0,294.0
181,Income,"Household Income 10000 to 14999 by Race, American Indian and Alaska Native Alone",0.0,0.0,0.0,0.0,0.0
182,Income,"Household Income 10000 to 14999 by Race, Asian Alone",79.0,30.0,46.0,136.0,100.0
183,Income,"Household Income 10000 to 14999 by Race, Black or African American Alone",0.0,12.0,63.0,43.0,31.0
184,Income,"Household Income 10000 to 14999 by Race, Hispanic or Latino",0.0,0.0,22.0,72.0,76.0
185,Income,"Household Income 10000 to 14999 by Race, Native Hawaiian and Other Pacific Islander Alone",0.0,0.0,0.0,0.0,0.0
186,Income,"Household Income 10000 to 14999 by Race, Some Other Race Alone",0.0,0.0,0.0,50.0,52.0
187,Income,"Household Income 10000 to 14999 by Race, Two or More Races",0.0,0.0,0.0,0.0,0.0
188,Income,"Household Income 10000 to 14999 by Race, White Alone",128.0,113.0,58.0,44.0,111.0
189,Income,"Household Income 10000 to 14999 by Race, White Alone, Not Hispanic or Latino",128.0,113.0,36.0,22.0,87.0
190,Income,Household Income 100000 to 124999,695.0,771.0,862.0,747.0,744.0
191,Income,"Household Income 100000 to 124999 by Race, American Indian and Alaska Native Alone",0.0,0.0,0.0,0.0,0.0
192,Income,"Household Income 100000 to 124999 by Race, Asian Alone",116.0,232.0,291.0,231.0,265.0
193,Income,"Household Income 100000 to 124999 by Race, Black or African American Alone",0.0,7.0,8.0,7.0,5.0
194,Income,"Household Income 100000 to 124999 by Race, Hispanic or Latino",0.0,92.0,164.0,56.0,4.0
195,Income,"Household Income 100000 to 124999 by Race, Native Hawaiian and Other Pacific Islander Alone",0.0,0.0,0.0,0.0,0.0
196,Income,"Household Income 100000 to 124999 by Race, Some Other Race Alone",22.0,110.0,119.0,46.0,4.0
197,Income,"Household Income 100000 to 124999 by Race, Two or More Races",23.0,0.0,13.0,10.0,0.0
198,Income,"Household Income 100000 to 124999 by Race, White Alone",534.0,422.0,431.0,453.0,470.0
199,Income,"Household Income 100000 to 124999 by Race, White Alone, Not Hispanic or Latino",534.0,412.0,399.0,453.0,470.0
200,Income,Household Income 125000 to 149999,698.0,719.0,606.0,603.0,795.0
201,Income,"Household Income 125000 to 149999 by Race, American Indian and Alaska Native Alone",0.0,0.0,0.0,0.0,0.0
202,Income,"Household Income 125000 to 149999 by Race, Asian Alone",313.0,308.0,251.0,313.0,337.0
203,Income,"Household Income 125000 to 149999 by Race, Black or African American Alone",0.0,0.0,0.0,0.0,0.0
204,Income,"Household Income 125000 to 149999 by Race, Hispanic or Latino",13.0,13.0,73.0,73.0,120.0
205,Income,"Household Income 125000 to 149999 by Race, Native Hawaiian and Other Pacific Islander Alone",0.0,0.0,0.0,0.0,0.0
206,Income,"Household Income 125000 to 149999 by Race, Some Other Race Alone",13.0,13.0,106.0,55.0,91.0
207,Income,"Household Income 125000 to 149999 by Race, Two or More Races",54.0,28.0,39.0,9.0,32.0
208,Income,"Household Income 125000 to 149999 by Race, White Alone",318.0,370.0,210.0,226.0,335.0
209,Income,"Household Income 125000 to 149999 by Race, White Alone, Not Hispanic or Latino",318.0,370.0,210.0,208.0,324.0
210,Income,Household Income 15000 to 19999,232.0,301.0,355.0,172.0,168.0
211,Income,"Household Income 15000 to 19999 by Race, American Indian and Alaska Native Alone",0.0,0.0,0.0,0.0,0.0
212,Income,"Household Income 15000 to 19999 by Race, Asian Alone",56.0,79.0,64.0,14.0,18.0
213,Income,"Household Income 15000 to 19999 by Race, Black or African American Alone",43.0,46.0,0.0,17.0,24.0
214,Income,"Household Income 15000 to 19999 by Race, Hispanic or Latino",8.0,37.0,0.0,17.0,13.0
215,Income,"Household Income 15000 to 19999 by Race, Native Hawaiian and Other Pacific Islander Alone",0.0,0.0,0.0,0.0,0.0
216,Income,"Household Income 15000 to 19999 by Race, Some Other Race Alone",0.0,0.0,0.0,0.0,0.0
217,Income,"Household Income 15000 to 19999 by Race, Two or More Races",0.0,37.0,67.0,55.0,39.0
218,Income,"Household Income 15000 to 19999 by Race, White Alone",133.0,139.0,224.0,86.0,87.0
219,Income,"Household Income 15000 to 19999 by Race, White Alone, Not Hispanic or Latino",125.0,139.0,224.0,86.0,87.0
220,Income,Household Income 150000 to 199999,1510.0,1438.0,1620.0,1831.0,1599.0
221,Income,"Household Income 150000 to 199999 by Race, American Indian and Alaska Native Alone",0.0,0.0,0.0,0.0,0.0
222,Income,"Household Income 150000 to 199999 by Race, Asian Alone",571.0,435.0,690.0,787.0,644.0
223,Income,"Household Income 150000 to 199999 by Race, Black or African American Alone",0.0,62.0,0.0,0.0,0.0
224,Income,"Household Income 150000 to 199999 by Race, Hispanic or Latino",11.0,12.0,28.0,134.0,224.0
225,Income,"Household Income 150000 to 199999 by Race, Native Hawaiian and Other Pacific Islander Alone",0.0,61.0,16.0,17.0,24.0
226,Income,"Household Income 150000 to 199999 by Race, Some Other Race Alone",20.0,21.0,41.0,13.0,13.0
227,Income,"Household Income 150000 to 199999 by Race, Two or More Races",31.0,29.0,17.0,109.0,236.0
228,Income,"Household Income 150000 to 199999 by Race, White Alone",888.0,830.0,856.0,905.0,682.0
229,Income,"Household Income 150000 to 199999 by Race, White Alone, Not Hispanic or Latino",877.0,818.0,856.0,889.0,665.0
230,Income,Household Income 20000 to 24999,71.0,95.0,161.0,313.0,288.0
231,Income,"Household Income 20000 to 24999 by Race, American Indian and Alaska Native Alone",0.0,0.0,0.0,0.0,0.0
232,Income,"Household Income 20000 to 24999 by Race, Asian Alone",55.0,66.0,30.0,158.0,77.0
233,Income,"Household Income 20000 to 24999 by Race, Black or African American Alone",0.0,11.0,0.0,0.0,0.0
234,Income,"Household Income 20000 to 24999 by Race, Hispanic or Latino",0.0,0.0,121.0,100.0,98.0
235,Income,"Household Income 20000 to 24999 by Race, Native Hawaiian and Other Pacific Islander Alone",0.0,0.0,0.0,0.0,0.0
236,Income,"Household Income 20000 to 24999 by Race, Some Other Race Alone",0.0,0.0,0.0,0.0,37.0
237,Income,"Household Income 20000 to 24999 by Race, Two or More Races",0.0,0.0,42.0,45.0,49.0
238,Income,"Household Income 20000 to 24999 by Race, White Alone",16.0,18.0,89.0,110.0,125.0
239,Income,"Household Income 20000 to 24999 by Race, White Alone, Not Hispanic or Latino",16.0,18.0,10.0,55.0,113.0
240,Income,Household Income 25000 to 29999,204.0,330.0,185.0,79.0,71.0
241,Income,"Household Income 25000 to 29999 by Race, American Indian and Alaska Native Alone",0.0,0.0,0.0,0.0,0.0
242,Income,"Household Income 25000 to 29999 by Race, Asian Alone",82.0,127.0,96.0,0.0,0.0
243,Income,"Household Income 25000 to 29999 by Race, Black or African American Alone",0.0,0.0,14.0,14.0,12.0
244,Income,"Household Income 25000 to 29999 by Race, Hispanic or Latino",46.0,52.0,25.0,0.0,12.0
245,Income,"Household Income 25000 to 29999 by Race, Native Hawaiian and Other Pacific Islander Alone",0.0,0.0,0.0,0.0,0.0
246,Income,"Household Income 25000 to 29999 by Race, Some Other Race Alone",46.0,52.0,25.0,0.0,0.0
247,Income,"Household Income 25000 to 29999 by Race, Two or More Races",0.0,0.0,0.0,0.0,0.0
248,Income,"Household Income 25000 to 29999 by Race, White Alone",76.0,151.0,50.0,65.0,59.0
249,Income,"Household Income 25000 to 29999 by Race, White Alone, Not Hispanic or Latino",76.0,151.0,50.0,65.0,47.0
250,Income,Household Income 30000 to 34999,163.0,167.0,157.0,362.0,444.0
251,Income,"Household Income 30000 to 34999 by Race, American Indian and Alaska Native Alone",0.0,0.0,0.0,0.0,0.0
252,Income,"Household Income 30000 to 34999 by Race, Asian Alone",42.0,0.0,62.0,121.0,133.0
253,Income,"Household Income 30000 to 34999 by Race, Black or African American Alone",0.0,0.0,0.0,61.0,65.0
254,Income,"Household Income 30000 to 34999 by Race, Hispanic or Latino",0.0,0.0,0.0,0.0,0.0
255,Income,"Household Income 30000 to 34999 by Race, Native Hawaiian and Other Pacific Islander Alone",0.0,0.0,0.0,0.0,0.0
256,Income,"Household Income 30000 to 34999 by Race, Some Other Race Alone",0.0,0.0,0.0,0.0,0.0
257,Income,"Household Income 30000 to 34999 by Race, Two or More Races",0.0,0.0,0.0,0.0,0.0
258,Income,"Household Income 30000 to 34999 by Race, White Alone",121.0,167.0,95.0,180.0,246.0
259,Income,"Household Income 30000 to 34999 by Race, White Alone, Not Hispanic or Latino",121.0,167.0,95.0,180.0,246.0
260,Income,Household Income 35000 to 39999,192.0,204.0,130.0,54.0,81.0
261,Income,"Household Income 35000 to 39999 by Race, American Indian and Alaska Native Alone",0.0,34.0,34.0,0.0,0.0
262,Income,"Household Income 35000 to 39999 by Race, Asian Alone",34.0,26.0,11.0,0.0,43.0
263,Income,"Household Income 35000 to 39999 by Race, Black or African American Alone",0.0,0.0,0.0,0.0,0.0
264,Income,"Household Income 35000 to 39999 by Race, Hispanic or Latino",27.0,34.0,34.0,0.0,0.0
265,Income,"Household Income 35000 to 39999 by Race, Native Hawaiian and Other Pacific Islander Alone",0.0,0.0,0.0,0.0,0.0
266,Income,"Household Income 35000 to 39999 by Race, Some Other Race Alone",27.0,0.0,0.0,0.0,0.0
267,Income,"Household Income 35000 to 39999 by Race, Two or More Races",0.0,0.0,0.0,0.0,0.0
268,Income,"Household Income 35000 to 39999 by Race, White Alone",131.0,144.0,85.0,54.0,38.0
269,Income,"Household Income 35000 to 39999 by Race, White Alone, Not Hispanic or Latino",131.0,144.0,85.0,54.0,38.0
270,Income,Household Income 40000 to 44999,105.0,277.0,296.0,253.0,221.0
271,Income,"Household Income 40000 to 44999 by Race, American Indian and Alaska Native Alone",0.0,0.0,0.0,30.0,31.0
272,Income,"Household Income 40000 to 44999 by Race, Asian Alone",96.0,197.0,50.0,66.0,39.0
273,Income,"Household Income 40000 to 44999 by Race, Black or African American Alone",0.0,0.0,0.0,0.0,0.0
274,Income,"Household Income 40000 to 44999 by Race, Hispanic or Latino",0.0,33.0,54.0,39.0,31.0
275,Income,"Household Income 40000 to 44999 by Race, Native Hawaiian and Other Pacific Islander Alone",0.0,0.0,0.0,0.0,0.0
276,Income,"Household Income 40000 to 44999 by Race, Some Other Race Alone",0.0,33.0,36.0,0.0,0.0
277,Income,"Household Income 40000 to 44999 by Race, Two or More Races",0.0,0.0,27.0,9.0,0.0
278,Income,"Household Income 40000 to 44999 by Race, White Alone",9.0,47.0,183.0,148.0,151.0
279,Income,"Household Income 40000 to 44999 by Race, White Alone, Not Hispanic or Latino",9.0,47.0,183.0,148.0,151.0
280,Income,Household Income 45000 to 49999,157.0,71.0,105.0,131.0,194.0
281,Income,"Household Income 45000 to 49999 by Race, American Indian and Alaska Native Alone",0.0,0.0,0.0,0.0,0.0
282,Income,"Household Income 45000 to 49999 by Race, Asian Alone",30.0,20.0,33.0,67.0,95.0
283,Income,"Household Income 45000 to 49999 by Race, Black or African American Alone",0.0,0.0,0.0,0.0,0.0
284,Income,"Household Income 45000 to 49999 by Race, Hispanic or Latino",53.0,0.0,0.0,9.0,43.0
285,Income,"Household Income 45000 to 49999 by Race, Native Hawaiian and Other Pacific Islander Alone",0.0,0.0,0.0,0.0,0.0
286,Income,"Household Income 45000 to 49999 by Race, Some Other Race Alone",0.0,0.0,0.0,9.0,13.0
287,Income,"Household Income 45000 to 49999 by Race, Two or More Races",53.0,0.0,0.0,12.0,37.0
288,Income,"Household Income 45000 to 49999 by Race, White Alone",74.0,51.0,72.0,43.0,49.0
289,Income,"Household Income 45000 to 49999 by Race, White Alone, Not Hispanic or Latino",74.0,51.0,72.0,43.0,49.0
290,Income,Household Income 50000 to 59999,330.0,424.0,300.0,238.0,341.0
291,Income,"Household Income 50000 to 59999 by Race, American Indian and Alaska Native Alone",0.0,0.0,0.0,0.0,0.0
292,Income,"Household Income 50000 to 59999 by Race, Asian Alone",90.0,100.0,131.0,52.0,67.0
293,Income,"Household Income 50000 to 59999 by Race, Black or African American Alone",0.0,0.0,0.0,0.0,99.0
294,Income,"Household Income 50000 to 59999 by Race, Hispanic or Latino",30.0,73.0,60.0,33.0,21.0
295,Income,"Household Income 50000 to 59999 by Race, Native Hawaiian and Other Pacific Islander Alone",0.0,0.0,0.0,0.0,0.0
296,Income,"Household Income 50000 to 59999 by Race, Some Other Race Alone",0.0,0.0,0.0,0.0,21.0
297,Income,"Household Income 50000 to 59999 by Race, Two or More Races",20.0,73.0,60.0,33.0,0.0
298,Income,"Household Income 50000 to 59999 by Race, White Alone",220.0,251.0,109.0,153.0,154.0
299,Income,"Household Income 50000 to 59999 by Race, White Alone, Not Hispanic or Latino",198.0,251.0,109.0,153.0,154.0
300,Income,Household Income 60000 to 74999,258.0,249.0,320.0,423.0,401.0
301,Income,"Household Income 60000 to 74999 by Race, American Indian and Alaska Native Alone",0.0,0.0,0.0,0.0,19.0
302,Income,"Household Income 60000 to 74999 by Race, Asian Alone",80.0,28.0,97.0,202.0,193.0
303,Income,"Household Income 60000 to 74999 by Race, Black or African American Alone",0.0,0.0,0.0,9.0,0.0
304,Income,"Household Income 60000 to 74999 by Race, Hispanic or Latino",0.0,25.0,49.0,89.0,98.0
305,Income,"Household Income 60000 to 74999 by Race, Native Hawaiian and Other Pacific Islander Alone",0.0,0.0,0.0,0.0,0.0
306,Income,"Household Income 60000 to 74999 by Race, Some Other Race Alone",0.0,0.0,0.0,49.0,51.0
307,Income,"Household Income 60000 to 74999 by Race, Two or More Races",0.0,9.0,36.0,49.0,35.0
308,Income,"Household Income 60000 to 74999 by Race, White Alone",178.0,212.0,187.0,114.0,103.0
309,Income,"Household Income 60000 to 74999 by Race, White Alone, Not Hispanic or Latino",178.0,187.0,160.0,114.0,103.0
310,Income,Household Income 75000 to 99999,720.0,497.0,542.0,985.0,1057.0
311,Income,"Household Income 75000 to 99999 by Race, American Indian and Alaska Native Alone",0.0,0.0,0.0,0.0,0.0
312,Income,"Household Income 75000 to 99999 by Race, Asian Alone",433.0,412.0,271.0,387.0,596.0
313,Income,"Household Income 75000 to 99999 by Race, Black or African American Alone",0.0,0.0,25.0,9.0,57.0
314,Income,"Household Income 75000 to 99999 by Race, Hispanic or Latino",110.0,12.0,12.0,61.0,73.0
315,Income,"Household Income 75000 to 99999 by Race, Native Hawaiian and Other Pacific Islander Alone",0.0,0.0,0.0,0.0,0.0
316,Income,"Household Income 75000 to 99999 by Race, Some Other Race Alone",83.0,3.0,0.0,0.0,0.0
317,Income,"Household Income 75000 to 99999 by Race, Two or More Races",0.0,0.0,24.0,53.0,95.0
318,Income,"Household Income 75000 to 99999 by Race, White Alone",204.0,82.0,222.0,536.0,309.0
319,Income,"Household Income 75000 to 99999 by Race, White Alone, Not Hispanic or Latino",186.0,73.0,210.0,487.0,263.0
320,Income,Household Income Greater than 200000,6150.0,5982.0,6651.0,6779.0,6672.0
321,Income,"Household Income Greater than 200000 by Race, American Indian and Alaska Native Alone",0.0,0.0,2.0,3.0,8.0
322,Income,"Household Income Greater than 200000 by Race, Asian Alone",2439.0,2257.0,2598.0,3057.0,3172.0
323,Income,"Household Income Greater than 200000 by Race, Black or African American Alone",28.0,25.0,98.0,95.0,230.0
324,Income,"Household Income Greater than 200000 by Race, Hispanic or Latino",276.0,277.0,358.0,469.0,441.0
325,Income,"Household Income Greater than 200000 by Race, Native Hawaiian and Other Pacific Islander Alone",56.0,66.0,74.0,54.0,17.0
326,Income,"Household Income Greater than 200000 by Race, Some Other Race Alone",0.0,12.0,10.0,28.0,54.0
327,Income,"Household Income Greater than 200000 by Race, Two or More Races",110.0,97.0,123.0,135.0,144.0
328,Income,"Household Income Greater than 200000 by Race, White Alone",3517.0,3525.0,3746.0,3407.0,3047.0
329,Income,"Household Income Greater than 200000 by Race, White Alone, Not Hispanic or Latino",3268.0,3273.0,3420.0,3016.0,2709.0
330,Income,Household Income Less than 10000,275.0,411.0,560.0,566.0,852.0
331,Income,"Household Income Less than 10000 by Race, American Indian and Alaska Native Alone",0.0,0.0,0.0,0.0,0.0
332,Income,"Household Income Less than 10000 by Race, Asian Alone",6.0,121.0,235.0,191.0,257.0
333,Income,"Household Income Less than 10000 by Race, Black or African American Alone",20.0,8.0,0.0,0.0,0.0
334,Income,"Household Income Less than 10000 by Race, Hispanic or Latino",61.0,15.0,0.0,8.0,61.0
335,Income,"Household Income Less than 10000 by Race, Native Hawaiian and Other Pacific Islander Alone",0.0,0.0,13.0,21.0,18.0
336,Income,"Household Income Less than 10000 by Race, Some Other Race Alone",0.0,0.0,0.0,8.0,42.0
337,Income,"Household Income Less than 10000 by Race, Two or More Races",6.0,5.0,24.0,22.0,40.0
338,Income,"Household Income Less than 10000 by Race, White Alone",243.0,277.0,288.0,324.0,495.0
339,Income,"Household Income Less than 10000 by Race, White Alone, Not Hispanic or Latino",182.0,262.0,288.0,324.0,495.0
340,Income,Households Total for Income,11967.0,12091.0,13017.0,13809.0,14222.0
341,Income,"Households Total for Income by Race, American Indian and Alaska Native Alone",0.0,34.0,36.0,33.0,58.0
342,Income,"Households Total for Income by Race, Asian Alone",4522.0,4438.0,4956.0,5782.0,6036.0
343,Income,"Households Total for Income by Race, Black or African American Alone",91.0,171.0,208.0,255.0,523.0
344,Income,"Households Total for Income by Race, Hispanic or Latino",635.0,675.0,1000.0,1160.0,1315.0
345,Income,"Households Total for Income by Race, Native Hawaiian and Other Pacific Islander Alone",56.0,127.0,103.0,92.0,59.0
346,Income,"Households Total for Income by Race, Some Other Race Alone",211.0,244.0,337.0,258.0,378.0
347,Income,"Households Total for Income by Race, Two or More Races",297.0,278.0,472.0,541.0,707.0
348,Income,"Households Total for Income by Race, White Alone",6790.0,6799.0,6905.0,6848.0,6461.0
349,Income,"Households Total for Income by Race, White Alone, Not Hispanic or Latino",6421.0,6476.0,6407.0,6297.0,6001.0
350,Income,Median Family Income,213882.6379785605,210415.57906137183,211372.66758147517,208054.1306778477,205502.43574593795
351,Income,Median Household Income,201353.7126829268,197792.0723226704,201071.31032927375,196572.91097760783,186272.67041901188
352,Income,"Median Household Income by Race, American Indian and Alaska Native Alone",0.0,37500.0,37647.05882352941,42750.0,44677.41935483871
353,Income,"Median Household Income by Race, Asian Alone",203649.1824518245,200841.85910500665,202309.56120092375,202715.18874713773,202427.58764186632
354,Income,"Median Household Income by Race, Black or African American Alone",17965.116279069767,151209.67741935485,106250.0,34385.24590163934,88377.19298245614
355,Income,"Median Household Income by Race, Hispanic or Latino",96022.72727272726,115353.26086956522,118750.0,158582.08955223882,151674.10714285713
356,Income,"Median Household Income by Race, Native Hawaiian and Other Pacific Islander Alone",225001.0,201894.01515151517,215203.3108108108,207407.7037037037,173958.33333333334
357,Income,"Median Household Income by Race, Some Other Race Alone",84789.15662650602,107727.27272727272,122584.03361344538,107065.21739130437,67058.82352941176
358,Income,"Median Household Income by Race, Two or More Races",146527.77777777778,138392.85714285713,66666.66666666667,96462.2641509434,155614.40677966102
359,Income,"Median Household Income by Race, White Alone",201734.5021324993,201780.2130496454,203917.66871329417,199060.773480663,186546.9208211144
360,Income,"Median Household Income by Race, White Alone, Not Hispanic or Latino",200879.7781517748,200534.6990528567,203165.3312865497,192547.80652418447,178082.70676691728
361,Income,Percent in Poverty,0.098870180683167,0.1230395405345703,0.0790920995198603,0.0885951227522785,0.0967781704610832
362,Income,"Percent in Poverty by Race, Asian Alone",0.0586519114688128,0.0938440776497456,0.0601928508814648,0.0669414822116677,0.0558239398819108
363,Income,"Percent in Poverty by Race, Black or African American Alone",0.4257028112449799,0.3370429252782194,0.2517006802721088,0.1902748414376321,0.1137884872824631
364,Income,"Percent in Poverty by Race, Hispanic or Latino",0.0739236393176279,0.0445082555635319,0.067527308838133,0.0926743159752868,0.1368169126445951
365,Income,"Percent in Poverty by Race, Native Hawaiian and Other Pacific Islander Alone",0.036036036036036,0.0,0.0935251798561151,0.175,0.2068965517241379
366,Income,"Percent in Poverty by Race, Some Other Race Alone",0.093655589123867,0.0,0.0663390663390663,0.1485557083906465,0.2287581699346405
367,Income,"Percent in Poverty by Race, Two or More Races",0.1411764705882353,0.1975540921919097,0.1537828947368421,0.1180428134556575,0.1296963458569222
368,Income,"Percent in Poverty by Race, White Alone",0.1171677437482438,0.1358726019742969,0.0854211876109686,0.0979027832222657,0.1242275729810355
369,Income,"Percent in Poverty by Race, White Alone, Not Hispanic or Latino",0.1170394143014742,0.1414483514294252,0.0873838265142613,0.1021568837858139,0.128863583546363
370,Journey to Work,Journey to Work by Bike,0.0195460682826464,0.0272745639436999,0.0260050251256281,0.0339958469296944,0.0242551910923864
371,Journey to Work,Journey to Work by Car,0.153025139844403,0.1511886322311266,0.1372487437185929,0.137347967962029,0.1622630153475774
372,Journey to Work,Journey to Work by Carpooled,0.0097730341413232,0.0113138931914607,0.0196608040201005,0.0187481459507564,0.0211254890159494
373,Journey to Work,Journey to Work by Drove Alone,0.1432521057030797,0.1398747390396659,0.1175879396984924,0.1185998220112726,0.141137526331628
374,Journey to Work,Journey to Work by Other Journey Type,0.0226965858676782,0.02734190854603,0.0324748743718592,0.0340551765054879,0.0308757147156184
375,Journey to Work,Journey to Work by Transit,0.2218221564971388,0.2103171930769748,0.1609924623115577,0.1667161079798279,0.1335540174541077
376,Journey to Work,Journey to Work by Walk,0.3976081784864656,0.3766583608323793,0.3569095477386935,0.3169385938890537,0.3221787541378272
377,Journey to Work,Journey to Work by Worked at Home,0.1853018710216678,0.2072193413697892,0.2863693467336683,0.3109463067339068,0.3268733072524827
460,Journey to Work,Total Workers 16 Years and Older,15553.0,14849.0,15920.0,16855.0,16615.0
461,Language Spoken at Home,Asian/Pacific Islander,0.2590507574717378,0.2604482410214017,0.2969286319261802,0.2826627343585422,0.2938011101224524
462,Language Spoken at Home,English Only,0.5619479152363953,0.556076054009369,0.5088485713012081,0.5259742995576153,0.504173551968137
463,Language Spoken at Home,Other European Languages,0.1280607808137672,0.1294204096629007,0.1163910310702982,0.1178007162418369,0.1286386170077539
464,Language Spoken at Home,Other Languages,0.0069110714449173,0.0030311380545604,0.0107876788659564,0.007078154623973,0.005042159230541
465,Language Spoken at Home,Spanish Only,0.0440294750331822,0.0510241572517681,0.0670440868363571,0.0664840952180324,0.0683445616711156
378,Nativity,Foreign Born,0.3962025867700213,0.3995969861573506,0.4144830871843735,0.4537297605938252,0.4611551343844457
379,Population,Total Population,22963.0,22828.0,23089.0,24519.0,24482.0
380,Race/Ethnicity,Asian,9955.0,9656.0,10302.0,11188.0,11209.0
381,Race/Ethnicity,Black/African American,526.0,661.0,319.0,500.0,762.0
382,Race/Ethnicity,Latino Population (of Any Race),1297.0,1441.0,2039.0,2282.0,2549.0
383,Race/Ethnicity,Native American Indian,0.0,34.0,42.0,40.0,75.0
384,Race/Ethnicity,Native Hawaiian/Pacific Islander,111.0,170.0,139.0,120.0,87.0
385,Race/Ethnicity,Other/Two or More Races,1603.0,1485.0,2069.0,2389.0,2877.0
386,Race/Ethnicity,"White Alone, Not Hispanic or Latino",10038.0,10099.0,9439.0,9394.0,8669.0
387,Race/Ethnicity,"White, Including Hispanic or Latino",10768.0,10822.0,10218.0,10282.0,9472.0
388,Sex,Female,0.4510734660105387,0.4533467671280883,0.4629044133570098,0.4465108691219054,0.455109876644065
389,Sex,Male,0.5489265339894613,0.5466532328719117,0.5370955866429902,0.5534891308780946,0.544890123355935
390,Unit Size,1 Bedroom,4888.0,5320.0,6210.0,6230.0,6833.0
391,Unit Size,2 Bedrooms,5428.0,5261.0,5243.0,5533.0,5057.0
392,Unit Size,3-4 Bedrooms,1468.0,1790.0,1654.0,1641.0,1551.0
393,Unit Size,5 or More Bedrooms,56.0,118.0,86.0,95.0,129.0
394,Unit Size,No Bedroom,3400.0,3359.0,3408.0,3624.0,3960.0
395,Vehicles Available,Households with no Vehicle,0.3847246594802373,0.3929368952113142,0.3798110163632173,0.3858353247881816,0.3851075798059344
396,Vehicles Available,Percent of No Vehicle Homeowning Households,0.1255834629917759,0.148395061728395,0.133129123468426,0.164172335600907,0.1690888119953864
397,Vehicles Available,Percent of No Vehicle Renting Households,0.54084092126406,0.5161049620693944,0.4991451042972757,0.4898393446111288,0.4798219884697077
398,Vehicles Available,Vehicles Available,8079.0,7010.0,9889.0,10351.0,10543.0
399,Vehicles Available,Vehicles Homeowners,0.5343483104344597,0.3880171184022825,0.457680250783699,0.4267220558400154,0.4094659963957128
400,Vehicles Available,Vehicles Per Capita,0.3925655976676385,0.3835841313269494,0.4282991900905193,0.4221624046657694,0.4306429213299567
401,Vehicles Available,Vehicles Renters,0.4656516895655403,0.6119828815977175,0.542319749216301,0.5732779441599846,0.5905340036042872
402,,"Housing Units with a Mortgage 30%+ by Race, American Indian and Alaska Native Alone",0.0,0.0,0.0,0.0,0.0
403,,"Housing Units with a Mortgage 30%+ by Race, Asian Alone",0.0,0.0,0.0,267.0,301.0
404,,"Housing Units with a Mortgage 30%+ by Race, Black or African American Alone",0.0,0.0,0.0,0.0,0.0
405,,"Housing Units with a Mortgage 30%+ by Race, Hispanic or Latino",0.0,0.0,0.0,19.0,10.0
406,,"Housing Units with a Mortgage 30%+ by Race, Native Hawaiian and Other Pacific Islander Alone",0.0,0.0,0.0,0.0,0.0
407,,"Housing Units with a Mortgage 30%+ by Race, Some Other Race Alone",0.0,0.0,0.0,0.0,0.0
408,,"Housing Units with a Mortgage 30%+ by Race, Two or More Races",0.0,0.0,0.0,19.0,10.0
409,,"Housing Units with a Mortgage 30%+ by Race, White Alone",0.0,0.0,0.0,597.0,622.0
410,,"Housing Units with a Mortgage 30%+ by Race, White Alone, Not Hispanic or Latino",0.0,0.0,0.0,597.0,622.0
411,,"Housing Units with a Mortgage Not Calculated by Race, American Indian and Alaska Native Alone",0.0,0.0,0.0,0.0,0.0
412,,"Housing Units with a Mortgage Not Calculated by Race, Asian Alone",0.0,0.0,0.0,0.0,0.0
413,,"Housing Units with a Mortgage Not Calculated by Race, Black or African American Alone",0.0,0.0,0.0,0.0,0.0
414,,"Housing Units with a Mortgage Not Calculated by Race, Hispanic or Latino",0.0,0.0,0.0,0.0,0.0
415,,"Housing Units with a Mortgage Not Calculated by Race, Native Hawaiian and Other Pacific Islander Alone",0.0,0.0,0.0,21.0,18.0
416,,"Housing Units with a Mortgage Not Calculated by Race, Some Other Race Alone",0.0,0.0,0.0,0.0,0.0
417,,"Housing Units with a Mortgage Not Calculated by Race, Two or More Races",0.0,0.0,0.0,0.0,0.0
418,,"Housing Units with a Mortgage Not Calculated by Race, White Alone",0.0,0.0,0.0,27.0,30.0
419,,"Housing Units with a Mortgage Not Calculated by Race, White Alone, Not Hispanic or Latino",0.0,0.0,0.0,27.0,30.0
420,,"Housing Units without a Mortgage 30%+ by Race, American Indian and Alaska Native Alone",0.0,0.0,0.0,0.0,0.0
421,,"Housing Units without a Mortgage 30%+ by Race, Asian Alone",0.0,0.0,0.0,107.0,116.0
422,,"Housing Units without a Mortgage 30%+ by Race, Black or African American Alone",0.0,0.0,0.0,0.0,0.0
423,,"Housing Units without a Mortgage 30%+ by Race, Hispanic or Latino",0.0,0.0,0.0,33.0,46.0
424,,"Housing Units without a Mortgage 30%+ by Race, Native Hawaiian and Other Pacific Islander Alone",0.0,0.0,0.0,0.0,0.0
425,,"Housing Units without a Mortgage 30%+ by Race, Some Other Race Alone",0.0,0.0,0.0,0.0,0.0
426,,"Housing Units without a Mortgage 30%+ by Race, Two or More Races",0.0,0.0,0.0,0.0,0.0
427,,"Housing Units without a Mortgage 30%+ by Race, White Alone",0.0,0.0,0.0,358.0,505.0
428,,"Housing Units without a Mortgage 30%+ by Race, White Alone, Not Hispanic or Latino",0.0,0.0,0.0,325.0,459.0
429,,"Housing Units without a Mortgage Not Calculated by Race, American Indian and Alaska Native Alone",0.0,0.0,0.0,0.0,0.0
430,,"Housing Units without a Mortgage Not Calculated by Race, Asian Alone",0.0,0.0,0.0,0.0,0.0
431,,"Housing Units without a Mortgage Not Calculated by Race, Black or African American Alone",0.0,0.0,0.0,0.0,0.0
432,,"Housing Units without a Mortgage Not Calculated by Race, Hispanic or Latino",0.0,0.0,0.0,0.0,0.0
433,,"Housing Units without a Mortgage Not Calculated by Race, Native Hawaiian and Other Pacific Islander Alone",0.0,0.0,0.0,0.0,0.0
434,,"Housing Units without a Mortgage Not Calculated by Race, Some Other Race Alone",0.0,0.0,0.0,0.0,0.0
435,,"Housing Units without a Mortgage Not Calculated by Race, Two or More Races",0.0,0.0,0.0,0.0,0.0
436,,"Housing Units without a Mortgage Not Calculated by Race, White Alone",0.0,0.0,0.0,0.0,0.0
437,,"Housing Units without a Mortgage Not Calculated by Race, White Alone, Not Hispanic or Latino",0.0,0.0,0.0,0.0,0.0
